-- MySQL dump 10.13  Distrib 8.0.40, for Linux (x86_64)
--
-- Host: localhost    Database: COP4331
-- ------------------------------------------------------
-- Server version	8.0.40-0ubuntu0.22.04.1

/*!40101 SET @OLD_CHARACTER_SET_CLIENT=@@CHARACTER_SET_CLIENT */;
/*!40101 SET @OLD_CHARACTER_SET_RESULTS=@@CHARACTER_SET_RESULTS */;
/*!40101 SET @OLD_COLLATION_CONNECTION=@@COLLATION_CONNECTION */;
/*!50503 SET NAMES utf8mb4 */;
/*!40103 SET @OLD_TIME_ZONE=@@TIME_ZONE */;
/*!40103 SET TIME_ZONE='+00:00' */;
/*!40014 SET @OLD_UNIQUE_CHECKS=@@UNIQUE_CHECKS, UNIQUE_CHECKS=0 */;
/*!40014 SET @OLD_FOREIGN_KEY_CHECKS=@@FOREIGN_KEY_CHECKS, FOREIGN_KEY_CHECKS=0 */;
/*!40101 SET @OLD_SQL_MODE=@@SQL_MODE, SQL_MODE='NO_AUTO_VALUE_ON_ZERO' */;
/*!40111 SET @OLD_SQL_NOTES=@@SQL_NOTES, SQL_NOTES=0 */;

--
-- Table structure for table `Colors`
--

DROP TABLE IF EXISTS `Colors`;
/*!40101 SET @saved_cs_client     = @@character_set_client */;
/*!50503 SET character_set_client = utf8mb4 */;
CREATE TABLE `Colors` (
  `ID` int NOT NULL AUTO_INCREMENT,
  `Name` varchar(50) NOT NULL DEFAULT '',
  `UserID` int NOT NULL DEFAULT '0',
  PRIMARY KEY (`ID`)
) ENGINE=InnoDB AUTO_INCREMENT=38 DEFAULT CHARSET=utf8mb4 COLLATE=utf8mb4_0900_ai_ci;
/*!40101 SET character_set_client = @saved_cs_client */;

--
-- Dumping data for table `Colors`
--

LOCK TABLES `Colors` WRITE;
/*!40000 ALTER TABLE `Colors` DISABLE KEYS */;
INSERT INTO `Colors` VALUES (1,'White',1),(2,'Black',1),(3,'gray',1),(4,'Magenta',1),(5,'Yellow',1),(6,'Cyan',1),(7,'Salmon',1),(8,'Chartreuse',1),(9,'Lime',1),(10,'Light Blue',1),(11,'Light Gray',1),(12,'Light Red',1),(13,'Light Green',1),(14,'Chiffon',1),(15,'Fuscia',1),(16,'Brown',1),(17,'Beige',1),(18,'Blue',3),(19,'White',3),(20,'Black',3),(21,'gray',3),(22,'Magenta',3),(23,'Yellow',3),(24,'Cyan',3),(25,'Salmon',3),(26,'Chartreuse',3),(27,'Lime',3),(28,'Light Blue',3),(29,'Light Gray',3),(30,'Light Red',3),(31,'Light Green',3),(32,'Chiffon',3),(33,'Fuscia',3),(34,'Brown',3),(35,'Beige',3),(36,'TestColor',1),(37,'TestColor',1);
/*!40000 ALTER TABLE `Colors` ENABLE KEYS */;
UNLOCK TABLES;

--
-- Table structure for table `Contacts`
--

DROP TABLE IF EXISTS `Contacts`;
/*!40101 SET @saved_cs_client     = @@character_set_client */;
/*!50503 SET character_set_client = utf8mb4 */;
CREATE TABLE `Contacts` (
  `ID` int NOT NULL AUTO_INCREMENT,
  `FirstName` varchar(50) NOT NULL DEFAULT '',
  `LastName` varchar(50) NOT NULL DEFAULT '',
  `Phone` varchar(50) NOT NULL DEFAULT '',
  `Email` varchar(50) NOT NULL DEFAULT '',
  `UserID` int NOT NULL DEFAULT '0',
  PRIMARY KEY (`ID`)
) ENGINE=InnoDB AUTO_INCREMENT=5 DEFAULT CHARSET=utf8mb4 COLLATE=utf8mb4_0900_ai_ci;
/*!40101 SET character_set_client = @saved_cs_client */;

--
-- Dumping data for table `Contacts`
--

LOCK TABLES `Contacts` WRITE;
/*!40000 ALTER TABLE `Contacts` DISABLE KEYS */;
INSERT INTO `Contacts` VALUES (1,'Rick','Leinecker','987-654-3210','rickupdated@updatedemail.com',123),(2,'Gabbie','Coronel','244-246-2468','gc1234@ucf.edu',246),(3,'Taylor','Swift','369-123-3987','taylorswift56@ucf.edu',657),(4,'Bob','Duncan','453-296-0123','bobduncan@gmail.com',431);
/*!40000 ALTER TABLE `Contacts` ENABLE KEYS */;
UNLOCK TABLES;

--
-- Table structure for table `Users`
--

DROP TABLE IF EXISTS `Users`;
/*!40101 SET @saved_cs_client     = @@character_set_client */;
/*!50503 SET character_set_client = utf8mb4 */;
CREATE TABLE `Users` (
  `ID` int NOT NULL AUTO_INCREMENT,
  `FirstName` varchar(50) NOT NULL DEFAULT '',
  `LastName` varchar(50) NOT NULL DEFAULT '',
  `Login` varchar(50) NOT NULL DEFAULT '',
  `Password` varchar(50) NOT NULL DEFAULT '',
  PRIMARY KEY (`ID`)
) ENGINE=InnoDB AUTO_INCREMENT=5 DEFAULT CHARSET=utf8mb4 COLLATE=utf8mb4_0900_ai_ci;
/*!40101 SET character_set_client = @saved_cs_client */;

--
-- Dumping data for table `Users`
--

LOCK TABLES `Users` WRITE;
/*!40000 ALTER TABLE `Users` DISABLE KEYS */;
INSERT INTO `Users` VALUES (1,'Rick','Leinecker','RickL','COP4331'),(2,'Sam','Hill','SamH','Test'),(3,'Rick','Leinecker','RickL','5832a71366768098cceb7095efb774f2'),(4,'Sam','Hill','SamH','0cbc6611f5540bd0809a388dc95a615b');
/*!40000 ALTER TABLE `Users` ENABLE KEYS */;
UNLOCK TABLES;
/*!40103 SET TIME_ZONE=@OLD_TIME_ZONE */;

/*!40101 SET SQL_MODE=@OLD_SQL_MODE */;
/*!40014 SET FOREIGN_KEY_CHECKS=@OLD_FOREIGN_KEY_CHECKS */;
/*!40014 SET UNIQUE_CHECKS=@OLD_UNIQUE_CHECKS */;
/*!40101 SET CHARACTER_SET_CLIENT=@OLD_CHARACTER_SET_CLIENT */;
/*!40101 SET CHARACTER_SET_RESULTS=@OLD_CHARACTER_SET_RESULTS */;
/*!40101 SET COLLATION_CONNECTION=@OLD_COLLATION_CONNECTION */;
/*!40111 SET SQL_NOTES=@OLD_SQL_NOTES */;

-- Dump completed on 2025-01-28 15:17:55
